{
  "w1": {
    "pm_cases": 7460,
    "unique_additional_parts": 39,
    "rules_count": 306,
    "top_lift": 12.805577085604938,
    "top_confidence": 0.8394004282655246,
    "pareto_cov80_parts": 26,
    "pareto_cov90_parts": 32,
    "method": "Apriori (mlxtend)",
    "min_support": 0.05,
    "min_lift": 1.2
  },
  "w2": {
    "method": "DecisionTreeRegressor (max_depth=6, min_samples_leaf=20)",
    "n_train": 8000,
    "n_test": 2000,
    "r2": 0.9265125530860407,
    "mae": 1.0657593069736035,
    "rmse": 2.198809726171224
  },
  "w3": {
    "method": "DecisionTreeClassifier (max_depth=6, min_samples_leaf=20)",
    "threshold": 0.3,
    "n_train": 8000,
    "n_test": 2000,
    "recall_failure": 0.49416342412451364,
    "precision_failure": 0.43197278911564624,
    "accuracy": 0.8515,
    "class_balance_train_positive": 0.12825
  }
}